<?xml version="1.0" encoding="UTF-8"?>
<beans xmlns="http://www.springframework.org/schema/beans"
       xmlns:xsi="http://www.w3.org/2001/XMLSchema-instance"
       xmlns:context="http://www.springframework.org/schema/context"
       xsi:schemaLocation="http://www.springframework.org/schema/beans
       http://www.springframework.org/schema/beans/spring-beans.xsd">
	<!-- 真正产生Connection的targetConnectionFactory ,这个有JMS服务厂商提供-->
	<bean id="targetConnectionFactory" class="org.apache.activemq.ActiveMQConnectionFactory">
	    <property name="brokerURL" value="tcp://192.168.126.128:61616"/>
	</bean>
	<!-- Spring用于管理真正ConnectionFactory的ConnectionFactory -->
	<bean id="connectionFactory" class="org.springframework.jms.connection.SingleConnectionFactory">
	    <!-- 目标连接工厂 -->
	    <property name="targetConnectionFactory" ref="targetConnectionFactory"/>
	    <!-- 消费者标识 -->
	    <property name="clientId" value="topic-consumer-a"/>
	</bean>
	 <!--订阅模式，一对多的 -->
	<bean id="topicDestination" class="org.apache.activemq.command.ActiveMQTopic">
	     <constructor-arg value="news.service.topic"/>
	</bean>
	<!-- messageListener实现类 -->
    <bean id="topicMessageListener1" class="listener.TopicMessageListener1"/>
     <!-- 配置一个jms监听容器 -->
    <bean id="jmsContainer" class="org.springframework.jms.listener.DefaultMessageListenerContainer">
        <property name="connectionFactory" ref="connectionFactory"/>
        <property name="destination" ref="topicDestination"/>
        <property name="messageListener" ref="topicMessageListener1"/>
        <!-- 消息持久化 -->
        <property name="subscriptionDurable" value="true"/>
        <!-- 消费者标识 -->
        <property name="clientId" value="topic-consumer-a"/>
        <!-- 订阅者标识(与消费者标识符可以不一样；默认为监听器全限定名) -->
        <property name="durableSubscriptionName" value="topic-consumer-a"/>
        <!-- 设置为发布/订阅模式 -->
        <property name="pubSubDomain" value="true"/>
        <!-- 是否开启事务 -->
        <property name="sessionTransacted" value="false"/>
        <!-- 客户端消息确认模式名称 -->
        <property name="sessionAcknowledgeModeName" value="CLIENT_ACKNOWLEDGE"/>
    </bean>
    
</beans>