<?xml version="1.0" encoding="UTF-8"?>
<beans xmlns="http://www.springframework.org/schema/beans"
	xmlns:xsi="http://www.w3.org/2001/XMLSchema-instance" xmlns:context="http://www.springframework.org/schema/context"
	xmlns:jms="http://www.springframework.org/schema/jms"
	xsi:schemaLocation="http://www.springframework.org/schema/beans  
     http://www.springframework.org/schema/beans/spring-beans-3.0.xsd  
     http://www.springframework.org/schema/context  
     http://www.springframework.org/schema/context/spring-context-3.0.xsd  
    http://www.springframework.org/schema/beans http://www.springframework.org/schema/beans/spring-beans-3.0.xsd  
    http://www.springframework.org/schema/jms http://www.springframework.org/schema/jms/spring-jms-3.0.xsd">

	<!-- 这里暴露内部统一使用的MQ地址 -->
	<!-- 配置ActiveMQ连接工厂 -->
	<bean id="internalTargetConnectionFactory" class="org.apache.activemq.ActiveMQConnectionFactory">
	    <property name="brokerURL" value="tcp://192.168.126.128:61616"/>
	</bean>
	<!-- 配置activeMQ连接池工厂 -->
	<bean id="internalConnectionFactory" class="org.apache.activemq.pool.PooledConnectionFactory"
	    destroy-method="stop">
	    <property name="connectionFactory" ref="internalTargetConnectionFactory"/>
	    <property name="maxConnections" value="20"/>
	</bean>
	<!-- 推送给新闻信息   创建一个Topic,这个订阅模式  一对多-->
	<bean id="topicJmsTemplate" class="org.springframework.jms.core.JmsTemplate">
	    <property name="connectionFactory" ref="internalTargetConnectionFactory"/>
	    <!-- 订阅模式 -->
	    <property name="pubSubDomain" value="true"/>
	</bean>
	<!-- 配置目的是destination -->
	<bean id="newsServiceTopic" class="org.apache.activemq.command.ActiveMQTopic">
	    <constructor-arg>
	        <value>news.service.topic</value>
	    </constructor-arg>
	</bean>
	<!-- Spring提供的JMS工具类，它可以进行消息发送、接收等 -->
	<!-- jms模板 -->
	<bean id="internalJmsTemplate" class="org.springframework.jms.core.JmsTemplate">
	    <property name="connectionFactory" ref="internalConnectionFactory"/>
	</bean>
	<!-- 推送给用户信息  创建一个Queue-->
	<!-- 配置destination -->
	<bean id="userServiceQueue" class="org.apache.activemq.command.ActiveMQQueue">
	    <constructor-arg>
	        <!-- 这个队列名可以随便定义，但是必须与客户端的相同 -->
	        <value>user.service.queue</value>
	    </constructor-arg>
	</bean>
	<!-- 推送给客户信息   创建一个Queue-->
	<bean id="clientServiceQueue" class="org.apache.activemq.command.ActiveMQQueue">
	    <constructor-arg>
	        <value>client.service.queue</value>
	    </constructor-arg>
	</bean>
</beans>