<?xml version="1.0" encoding="UTF-8"?>
<beans xmlns="http://www.springframework.org/schema/beans"
	xmlns:xsi="http://www.w3.org/2001/XMLSchema-instance" 
	xmlns:jaxws="http://cxf.apache.org/jaxws" 
	xmlns:context="http://www.springframework.org/schema/context"
	xsi:schemaLocation="http://www.springframework.org/schema/beans 
	http://www.springframework.org/schema/beans/spring-beans-3.2.xsd
	http://www.springframework.org/schema/context
	http://www.springframework.org/schema/context/spring-context-3.2.xsd
	http://www.springframework.org/schema/tx 
	http://www.springframework.org/schema/tx/spring-tx-3.2.xsd
	http://cxf.apache.org/jaxws 
    http://cxf.apache.org/schemas/jaxws.xsd">
    <!-- service包扫面 -->
    <context:component-scan base-package="service"/>
    <!-- 添加注解扫描  -->
    
    <!-- dao包扫描 -->
    <context:component-scan base-package="dao"/>
    <!-- 读取属性配置文件 -->
    <bean id="propertyManager" class="org.springframework.beans.factory.config.PropertyPlaceholderConfigurer">
       <property name="locations">
          <list>
            <value>classpath:config/db.properties</value>
          </list>
        </property>
    </bean>
    <!-- 读取dataSource -->
     <bean id="dataSource"
       class="org.springframework.jdbc.datasource.DriverManagerDataSource">
       <property name="driverClassName" value="${driverClassName}" />
       <property name="url" value="${url}" />
       <property name="username" value="${username}" />
       <property name="password" value="${password}" />
    </bean>
    <!-- 配置SqlMapClient -->
    <bean id="sqlMapClient" class="org.springframework.orm.ibatis.SqlMapClientFactoryBean">  
        <property name="configLocation" value="classpath:config/SqlMapConfig.xml" />
        <property name="dataSource"><ref bean="dataSource" /></property>  
    </bean>
    <!-- 配置SqlMapClientTemplate -->
    <bean id="sqlMapClientTemplate"  class="org.springframework.orm.ibatis.SqlMapClientTemplate">
        <property name="sqlMapClient" ref="sqlMapClient"/>
    </bean>
</beans>    
    
    
    
    
    
    
    
    
    
    
    
    